<?xml version="1.0" encoding="UTF-8"?>
<!DOCTYPE mapper PUBLIC "-//mybatis.org//DTD Mapper 3.0//EN" "http://mybatis.org/dtd/mybatis-3-mapper.dtd">
<mapper namespace="com.datangedu.cn.dao.mapper.BusinessOrderMapper">
  <resultMap id="BaseResultMap" type="com.datangedu.cn.model.czy.BusinessOrder">
    <id column="business_no" jdbcType="VARCHAR" property="businessNo" />
    <result column="order_info" jdbcType="VARCHAR" property="orderInfo" />
    <result column="member_id" jdbcType="VARCHAR" property="memberId" />
    <result column="order_sum" jdbcType="INTEGER" property="orderSum" />
    <result column="create_time" jdbcType="TIMESTAMP" property="createTime" />
    <result column="evaluate" jdbcType="VARCHAR" property="evaluate" />
    <result column="pay_type" jdbcType="INTEGER" property="payType" />
    <result column="status" jdbcType="INTEGER" property="status" />
    <result column="bname" jdbcType="VARCHAR" property="bname" />
    <result column="dianhua" jdbcType="INTEGER" property="dianhua" />
    <result column="bnum" jdbcType="INTEGER" property="bnum" />
    <result column="p_id" jdbcType="VARCHAR" property="pId"/>
  </resultMap>
  <sql id="Example_Where_Clause">
    <where>
      <foreach collection="oredCriteria" item="criteria" separator="or">
        <if test="criteria.valid">
          <trim prefix="(" prefixOverrides="and" suffix=")">
            <foreach collection="criteria.criteria" item="criterion">
              <choose>
                <when test="criterion.noValue">
                  and ${criterion.condition}
                </when>
                <when test="criterion.singleValue">
                  and ${criterion.condition} #{criterion.value}
                </when>
                <when test="criterion.betweenValue">
                  and ${criterion.condition} #{criterion.value} and #{criterion.secondValue}
                </when>
                <when test="criterion.listValue">
                  and ${criterion.condition}
                  <foreach close=")" collection="criterion.value" item="listItem" open="(" separator=",">
                    #{listItem}
                  </foreach>
                </when>
              </choose>
            </foreach>
          </trim>
        </if>
      </foreach>
    </where>
  </sql>
  <sql id="Update_By_Example_Where_Clause">
    <where>
      <foreach collection="example.oredCriteria" item="criteria" separator="or">
        <if test="criteria.valid">
          <trim prefix="(" prefixOverrides="and" suffix=")">
            <foreach collection="criteria.criteria" item="criterion">
              <choose>
                <when test="criterion.noValue">
                  and ${criterion.condition}
                </when>
                <when test="criterion.singleValue">
                  and ${criterion.condition} #{criterion.value}
                </when>
                <when test="criterion.betweenValue">
                  and ${criterion.condition} #{criterion.value} and #{criterion.secondValue}
                </when>
                <when test="criterion.listValue">
                  and ${criterion.condition}
                  <foreach close=")" collection="criterion.value" item="listItem" open="(" separator=",">
                    #{listItem}
                  </foreach>
                </when>
              </choose>
            </foreach>
          </trim>
        </if>
      </foreach>
    </where>
  </sql>
  <sql id="Base_Column_List">
    business_no, order_info, member_id, order_sum, create_time, evaluate, pay_type, status
  </sql>
  <select id="selectByExample" parameterType="com.datangedu.cn.model.czy.BusinessOrderExample" resultMap="BaseResultMap">
    select
    <if test="distinct">
      distinct
    </if>
    <include refid="Base_Column_List" />
    from business_order
    <if test="_parameter != null">
      <include refid="Example_Where_Clause" />
    </if>
    <if test="orderByClause != null">
      order by ${orderByClause}
    </if>
  </select>
  <select id="selectByPrimaryKey" parameterType="java.lang.String" resultMap="BaseResultMap">
    select 
    <include refid="Base_Column_List" />
    from business_order
    where business_no = #{businessNo,jdbcType=VARCHAR}
  </select>
  <delete id="deleteByPrimaryKey" parameterType="java.lang.String">
    delete from business_order
    where business_no = #{businessNo,jdbcType=VARCHAR}
  </delete>
  <delete id="deleteByExample" parameterType="com.datangedu.cn.model.czy.BusinessOrderExample">
    delete from business_order
    <if test="_parameter != null">
      <include refid="Example_Where_Clause" />
    </if>
  </delete>
  <insert id="insert" parameterType="com.datangedu.cn.model.czy.BusinessOrder">
    insert into business_order (business_no, order_info, member_id, 
      order_sum, create_time, evaluate, 
      pay_type, status)
    values (#{businessNo,jdbcType=VARCHAR}, #{orderInfo,jdbcType=VARCHAR}, #{memberId,jdbcType=VARCHAR}, 
      #{orderSum,jdbcType=INTEGER}, #{createTime,jdbcType=TIMESTAMP}, #{evaluate,jdbcType=VARCHAR}, 
      #{payType,jdbcType=INTEGER}, #{status,jdbcType=INTEGER})
  </insert>
     <select id="getCount2" parameterType="map" resultType="java.lang.Integer">
    select count(*) from business_order
  
    <if test="servicename!=null and servicename!=''">
    	where order_info like concat('%',#{servicename},'%')  
    </if> 
    
  </select>
  <select id="getCount3" parameterType="map" resultType="java.lang.Integer">
    select count(*) from business_order
  
    <if test="number!=null and number!=''">
    	where business_no like concat('%',#{number},'%')  
    </if> 
    
  </select>
  
   <select id="getCount" parameterType="map" resultType="java.lang.Integer">
  select count(*) from business_order                                	
  <if test="number!=null and number!=''">
  where business_no like concat('%',#{number},'%')
  </if>
  </select>
  
  
  <select id="selectByName2" parameterType="com.datangedu.cn.model.czy.ProviderProdutExample" resultMap="BaseResultMap">
    select
    <if test="distinct">
      distinct
    </if>
    <include refid="Base_Column_List" />
    from business_order
    <if test="_parameter != null">
      <include refid="Example_Where_Clause" />
    </if>
     <if test="servicename!=null and servicename!=''">
    	where order_info like concat('%','${servicename}','%')  
    </if>
     <if test="pageStart>=0">
    limit ${pageStart}, ${pageSize}
    </if>
    <if test="orderByClause != null">
      order by ${orderByClause}
    </if>
  </select>
  <select id="selectByNumber" parameterType="com.datangedu.cn.model.czy.ProviderProdutExample" resultMap="BaseResultMap">
    select
    <if test="distinct">
      distinct
    </if>
    <include refid="Base_Column_List" />
    from business_order
    <if test="_parameter != null">
      <include refid="Example_Where_Clause" />
    </if>
     <if test="number!=null and number!=''">
    	where business_no like concat('%','${number}','%')  
    </if>
     <if test="pageStart>=0">
    limit ${pageStart}, ${pageSize}
    </if>
    <if test="orderByClause != null">
      order by ${orderByClause}
    </if>
  </select>
  <insert id="insertSelective" parameterType="com.datangedu.cn.model.czy.BusinessOrder">
    insert into business_order
    <trim prefix="(" suffix=")" suffixOverrides=",">
      <if test="businessNo != null">
        business_no,
      </if>
      <if test="orderInfo != null">
        order_info,
      </if>
      <if test="memberId != null">
        member_id,
      </if>
      <if test="orderSum != null">
        order_sum,
      </if>
      <if test="createTime != null">
        create_time,
      </if>
      <if test="evaluate != null">
        evaluate,
      </if>
      <if test="payType != null">
        pay_type,
      </if>
      <if test="status != null">
        status,
      </if>
    </trim>
    <trim prefix="values (" suffix=")" suffixOverrides=",">
      <if test="businessNo != null">
        #{businessNo,jdbcType=VARCHAR},
      </if>
      <if test="orderInfo != null">
        #{orderInfo,jdbcType=VARCHAR},
      </if>
      <if test="memberId != null">
        #{memberId,jdbcType=VARCHAR},
      </if>
      <if test="orderSum != null">
        #{orderSum,jdbcType=INTEGER},
      </if>
      <if test="createTime != null">
        #{createTime,jdbcType=TIMESTAMP},
      </if>
      <if test="evaluate != null">
        #{evaluate,jdbcType=VARCHAR},
      </if>
      <if test="payType != null">
        #{payType,jdbcType=INTEGER},
      </if>
      <if test="status != null">
        #{status,jdbcType=INTEGER},
      </if>
    </trim>
  </insert>
  <select id="countByExample" parameterType="com.datangedu.cn.model.czy.BusinessOrderExample" resultType="java.lang.Long">
    select count(*) from business_order
    <if test="_parameter != null">
      <include refid="Example_Where_Clause" />
    </if>
  </select>
  <update id="updateByExampleSelective" parameterType="map">
    update business_order
    <set>
      <if test="record.businessNo != null">
        business_no = #{record.businessNo,jdbcType=VARCHAR},
      </if>
      <if test="record.orderInfo != null">
        order_info = #{record.orderInfo,jdbcType=VARCHAR},
      </if>
      <if test="record.memberId != null">
        member_id = #{record.memberId,jdbcType=VARCHAR},
      </if>
      <if test="record.orderSum != null">
        order_sum = #{record.orderSum,jdbcType=INTEGER},
      </if>
      <if test="record.createTime != null">
        create_time = #{record.createTime,jdbcType=TIMESTAMP},
      </if>
      <if test="record.evaluate != null">
        evaluate = #{record.evaluate,jdbcType=VARCHAR},
      </if>
      <if test="record.payType != null">
        pay_type = #{record.payType,jdbcType=INTEGER},
      </if>
      <if test="record.status != null">
        status = #{record.status,jdbcType=INTEGER},
      </if>
    </set>
    <if test="_parameter != null">
      <include refid="Update_By_Example_Where_Clause" />
    </if>
  </update>
  <update id="updateByExample" parameterType="map">
    update business_order
    set business_no = #{record.businessNo,jdbcType=VARCHAR},
      order_info = #{record.orderInfo,jdbcType=VARCHAR},
      member_id = #{record.memberId,jdbcType=VARCHAR},
      order_sum = #{record.orderSum,jdbcType=INTEGER},
      create_time = #{record.createTime,jdbcType=TIMESTAMP},
      evaluate = #{record.evaluate,jdbcType=VARCHAR},
      pay_type = #{record.payType,jdbcType=INTEGER},
      status = #{record.status,jdbcType=INTEGER}
    <if test="_parameter != null">
      <include refid="Update_By_Example_Where_Clause" />
    </if>
  </update>
  <update id="updateByPrimaryKeySelective" parameterType="com.datangedu.cn.model.czy.BusinessOrder">
    update business_order
    <set>
      <if test="orderInfo != null">
        order_info = #{orderInfo,jdbcType=VARCHAR},
      </if>
      <if test="memberId != null">
        member_id = #{memberId,jdbcType=VARCHAR},
      </if>
      <if test="orderSum != null">
        order_sum = #{orderSum,jdbcType=INTEGER},
      </if>
      <if test="createTime != null">
        create_time = #{createTime,jdbcType=TIMESTAMP},
      </if>
      <if test="evaluate != null">
        evaluate = #{evaluate,jdbcType=VARCHAR},
      </if>
      <if test="payType != null">
        pay_type = #{payType,jdbcType=INTEGER},
      </if>
      <if test="status != null">
        status = #{status,jdbcType=INTEGER},
      </if>
    </set>
    where business_no = #{businessNo,jdbcType=VARCHAR}
  </update>
  <update id="updateByPrimaryKey" parameterType="com.datangedu.cn.model.czy.BusinessOrder">
    update business_order
    set order_info = #{orderInfo,jdbcType=VARCHAR},
      member_id = #{memberId,jdbcType=VARCHAR},
      order_sum = #{orderSum,jdbcType=INTEGER},
      create_time = #{createTime,jdbcType=TIMESTAMP},
      evaluate = #{evaluate,jdbcType=VARCHAR},
      pay_type = #{payType,jdbcType=INTEGER},
      status = #{status,jdbcType=INTEGER}
    where business_no = #{businessNo,jdbcType=VARCHAR}
  </update>
  
  <select id="selectByPrimaryKey5" parameterType="java.lang.String" resultMap="BaseResultMap">
    select 
    <include refid="Base_Column_List" />
    from business_order
    where business_no = #{businessNo,jdbcType=VARCHAR}
  </select>
  <select id="getCount5" parameterType="map" resultType="java.lang.Integer">
    select count(*) from business_order
  	where p_id = #{pId,jdbcType=VARCHAR}
    <if test="ordername!=null and ordername!=''">
    	and order_info like concat('%',#{ordername},'%')  
    </if> 
    
  </select>
  <select id="selectByName5" parameterType="com.datangedu.cn.model.czy.BusinessOrderExample" resultMap="BaseResultMap">
    select
    <if test="distinct">
      distinct
    </if>
    <include refid="Base_Column_List" />
    from business_order
    where p_id = #{pId,jdbcType=VARCHAR}
    <if test="_parameter != null">
      <include refid="Example_Where_Clause" />
    </if>
     <if test="ordername!=null and ordername!=''">
    	and order_info like concat('%','${ordername}','%')   	    	  
    </if>
     <if test="pageStart>=0">
    limit ${pageStart}, ${pageSize}
    </if>
    <if test="orderByClause != null">
      order by ${orderByClause}
    </if> 
    
  </select>
  <select id="countByExampleOrder5" parameterType="map" resultType="java.lang.Long">
    select count(*) from business_order
    where p_id = #{pId,jdbcType=VARCHAR}
  </select>
  
</mapper>