<?xml version="1.0" encoding="UTF-8"?>
<!DOCTYPE mapper PUBLIC "-//mybatis.org//DTD Mapper 3.0//EN" "http://mybatis.org/dtd/mybatis-3-mapper.dtd">
<mapper namespace="com.datangedu.cn.dao.mapper.ExpensesMapper">
  <resultMap id="BaseResultMap" type="com.datangedu.cn.model.czy.Expenses">
    <id column="name" jdbcType="VARCHAR" property="name" />
    <result column="data" jdbcType="TIMESTAMP" property="data" />
    <result column="business_no" jdbcType="VARCHAR" property="businessNo" />
    <result column="order_sum" jdbcType="VARCHAR" property="orderSum" />
    <result column="pay_type" jdbcType="INTEGER" property="payType" />
    <result column="order_info" jdbcType="VARCHAR" property="orderInfo" />
  </resultMap>
  <sql id="Example_Where_Clause">
    <where>
      <foreach collection="oredCriteria" item="criteria" separator="or">
        <if test="criteria.valid">
          <trim prefix="(" prefixOverrides="and" suffix=")">
            <foreach collection="criteria.criteria" item="criterion">
              <choose>
                <when test="criterion.noValue">
                  and ${criterion.condition}
                </when>
                <when test="criterion.singleValue">
                  and ${criterion.condition} #{criterion.value}
                </when>
                <when test="criterion.betweenValue">
                  and ${criterion.condition} #{criterion.value} and #{criterion.secondValue}
                </when>
                <when test="criterion.listValue">
                  and ${criterion.condition}
                  <foreach close=")" collection="criterion.value" item="listItem" open="(" separator=",">
                    #{listItem}
                  </foreach>
                </when>
              </choose>
            </foreach>
          </trim>
        </if>
      </foreach>
    </where>
  </sql>
  <sql id="Update_By_Example_Where_Clause">
    <where>
      <foreach collection="example.oredCriteria" item="criteria" separator="or">
        <if test="criteria.valid">
          <trim prefix="(" prefixOverrides="and" suffix=")">
            <foreach collection="criteria.criteria" item="criterion">
              <choose>
                <when test="criterion.noValue">
                  and ${criterion.condition}
                </when>
                <when test="criterion.singleValue">
                  and ${criterion.condition} #{criterion.value}
                </when>
                <when test="criterion.betweenValue">
                  and ${criterion.condition} #{criterion.value} and #{criterion.secondValue}
                </when>
                <when test="criterion.listValue">
                  and ${criterion.condition}
                  <foreach close=")" collection="criterion.value" item="listItem" open="(" separator=",">
                    #{listItem}
                  </foreach>
                </when>
              </choose>
            </foreach>
          </trim>
        </if>
      </foreach>
    </where>
  </sql>
  <sql id="Base_Column_List">
    name, data, business_no, order_sum, pay_type, order_info
  </sql>
  <select id="selectByExample" parameterType="com.datangedu.cn.model.czy.ExpensesExample" resultMap="BaseResultMap">
    select
    <if test="distinct">
      distinct
    </if>
    <include refid="Base_Column_List" />
    from expenses
    <if test="_parameter != null">
      <include refid="Example_Where_Clause" />
    </if>
    <if test="orderByClause != null">
      order by ${orderByClause}
    </if>
  </select>
  <select id="selectByPrimaryKey" parameterType="java.lang.String" resultMap="BaseResultMap">
    select 
    <include refid="Base_Column_List" />
    from expenses
    where name = #{name,jdbcType=VARCHAR}
  </select>
  <delete id="deleteByPrimaryKey" parameterType="java.lang.String">
    delete from expenses
    where name = #{name,jdbcType=VARCHAR}
  </delete>
  <delete id="deleteByExample" parameterType="com.datangedu.cn.model.czy.ExpensesExample">
    delete from expenses
    <if test="_parameter != null">
      <include refid="Example_Where_Clause" />
    </if>
  </delete>
  <insert id="insert" parameterType="com.datangedu.cn.model.czy.Expenses">
    insert into expenses (name, data, business_no, 
      order_sum, pay_type, order_info
      )
    values (#{name,jdbcType=VARCHAR}, #{data,jdbcType=TIMESTAMP}, #{businessNo,jdbcType=VARCHAR}, 
      #{orderSum,jdbcType=VARCHAR}, #{payType,jdbcType=INTEGER}, #{orderInfo,jdbcType=VARCHAR}
      )
  </insert>
  <insert id="insertSelective" parameterType="com.datangedu.cn.model.czy.Expenses">
    insert into expenses
    <trim prefix="(" suffix=")" suffixOverrides=",">
      <if test="name != null">
        name,
      </if>
      <if test="data != null">
        data,
      </if>
      <if test="businessNo != null">
        business_no,
      </if>
      <if test="orderSum != null">
        order_sum,
      </if>
      <if test="payType != null">
        pay_type,
      </if>
      <if test="orderInfo != null">
        order_info,
      </if>
    </trim>
    <trim prefix="values (" suffix=")" suffixOverrides=",">
      <if test="name != null">
        #{name,jdbcType=VARCHAR},
      </if>
      <if test="data != null">
        #{data,jdbcType=TIMESTAMP},
      </if>
      <if test="businessNo != null">
        #{businessNo,jdbcType=VARCHAR},
      </if>
      <if test="orderSum != null">
        #{orderSum,jdbcType=VARCHAR},
      </if>
      <if test="payType != null">
        #{payType,jdbcType=INTEGER},
      </if>
      <if test="orderInfo != null">
        #{orderInfo,jdbcType=VARCHAR},
      </if>
    </trim>
  </insert>
  <select id="countByExample" parameterType="com.datangedu.cn.model.czy.ExpensesExample" resultType="java.lang.Long">
    select count(*) from expenses
    <if test="_parameter != null">
      <include refid="Example_Where_Clause" />
    </if>
  </select>
  <update id="updateByExampleSelective" parameterType="map">
    update expenses
    <set>
      <if test="record.name != null">
        name = #{record.name,jdbcType=VARCHAR},
      </if>
      <if test="record.data != null">
        data = #{record.data,jdbcType=TIMESTAMP},
      </if>
      <if test="record.businessNo != null">
        business_no = #{record.businessNo,jdbcType=VARCHAR},
      </if>
      <if test="record.orderSum != null">
        order_sum = #{record.orderSum,jdbcType=VARCHAR},
      </if>
      <if test="record.payType != null">
        pay_type = #{record.payType,jdbcType=INTEGER},
      </if>
      <if test="record.orderInfo != null">
        order_info = #{record.orderInfo,jdbcType=VARCHAR},
      </if>
    </set>
    <if test="_parameter != null">
      <include refid="Update_By_Example_Where_Clause" />
    </if>
  </update>
  <update id="updateByExample" parameterType="map">
    update expenses
    set name = #{record.name,jdbcType=VARCHAR},
      data = #{record.data,jdbcType=TIMESTAMP},
      business_no = #{record.businessNo,jdbcType=VARCHAR},
      order_sum = #{record.orderSum,jdbcType=VARCHAR},
      pay_type = #{record.payType,jdbcType=INTEGER},
      order_info = #{record.orderInfo,jdbcType=VARCHAR}
    <if test="_parameter != null">
      <include refid="Update_By_Example_Where_Clause" />
    </if>
    
  
  </update>
   <select id="selectByNumber" parameterType="com.datangedu.cn.model.czy.ExpensesExample" resultMap="BaseResultMap">
    select
    <if test="distinct">
      distinct
    </if>
    <include refid="Base_Column_List" />
    from expenses
    <if test="_parameter != null">
      <include refid="Example_Where_Clause" />
    </if>
    <if test="number!=null and number!=''">
    where number like concat('%','${number}','%')
    </if>
    <if test="pageStart&gt;=0">
    limit ${pageStart},${pageSize}
    </if>
    <if test="orderByClause != null">
      order by ${orderByClause}
    </if>
  </select>
  
  
   <select id="getCount" parameterType="map" resultType="java.lang.Integer">
  select count(*) from expenses                                	
  <if test="number!=null and number!=''">
  where name like concat('%',#{number},'%')
  </if>
  </select>
  
  
  
  <update id="updateByPrimaryKeySelective" parameterType="com.datangedu.cn.model.czy.Expenses">
    update expenses
    <set>
      <if test="data != null">
        data = #{data,jdbcType=TIMESTAMP},
      </if>
      <if test="businessNo != null">
        business_no = #{businessNo,jdbcType=VARCHAR},
      </if>
      <if test="orderSum != null">
        order_sum = #{orderSum,jdbcType=VARCHAR},
      </if>
      <if test="payType != null">
        pay_type = #{payType,jdbcType=INTEGER},
      </if>
      <if test="orderInfo != null">
        order_info = #{orderInfo,jdbcType=VARCHAR},
      </if>
    </set>
    where name = #{name,jdbcType=VARCHAR}
  </update>
  <update id="updateByPrimaryKey" parameterType="com.datangedu.cn.model.czy.Expenses">
    update expenses
    set data = #{data,jdbcType=TIMESTAMP},
      business_no = #{businessNo,jdbcType=VARCHAR},
      order_sum = #{orderSum,jdbcType=VARCHAR},
      pay_type = #{payType,jdbcType=INTEGER},
      order_info = #{orderInfo,jdbcType=VARCHAR}
    where name = #{name,jdbcType=VARCHAR}
  </update>
</mapper>