<?xml version="1.0" encoding="UTF-8"?>
<!DOCTYPE mapper PUBLIC "-//mybatis.org//DTD Mapper 3.0//EN" "http://mybatis.org/dtd/mybatis-3-mapper.dtd">
<mapper namespace="com.datangedu.cn.dao.mapper.MemberMapper">
  <resultMap id="BaseResultMap" type="com.datangedu.cn.model.czy.Member">
    <id column="id" jdbcType="VARCHAR" property="id" />
    <result column="name" jdbcType="VARCHAR" property="name" />
    <result column="gender" jdbcType="INTEGER" property="gender" />
    <result column="cellphone" jdbcType="VARCHAR" property="cellphone" />
    <result column="head_img" jdbcType="VARCHAR" property="headImg" />
    <result column="password" jdbcType="VARCHAR" property="password" />
    <result column="create_time" jdbcType="TIMESTAMP" property="createTime" />
    <result column="email" jdbcType="VARCHAR" property="email" />
    <result column="region" jdbcType="VARCHAR" property="region" />
    <result column="order_num" jdbcType="INTEGER" property="orderNum" />
    <result column="order_sum" jdbcType="INTEGER" property="orderSum" />
    <result column="status" jdbcType="INTEGER" property="status" />
  </resultMap>
  <sql id="Example_Where_Clause">
    <where>
      <foreach collection="oredCriteria" item="criteria" separator="or">
        <if test="criteria.valid">
          <trim prefix="(" prefixOverrides="and" suffix=")">
            <foreach collection="criteria.criteria" item="criterion">
              <choose>
                <when test="criterion.noValue">
                  and ${criterion.condition}
                </when>
                <when test="criterion.singleValue">
                  and ${criterion.condition} #{criterion.value}
                </when>
                <when test="criterion.betweenValue">
                  and ${criterion.condition} #{criterion.value} and #{criterion.secondValue}
                </when>
                <when test="criterion.listValue">
                  and ${criterion.condition}
                  <foreach close=")" collection="criterion.value" item="listItem" open="(" separator=",">
                    #{listItem}
                  </foreach>
                </when>
              </choose>
            </foreach>
          </trim>
        </if>
      </foreach>
    </where>
  </sql>
  <sql id="Update_By_Example_Where_Clause">
    <where>
      <foreach collection="example.oredCriteria" item="criteria" separator="or">
        <if test="criteria.valid">
          <trim prefix="(" prefixOverrides="and" suffix=")">
            <foreach collection="criteria.criteria" item="criterion">
              <choose>
                <when test="criterion.noValue">
                  and ${criterion.condition}
                </when>
                <when test="criterion.singleValue">
                  and ${criterion.condition} #{criterion.value}
                </when>
                <when test="criterion.betweenValue">
                  and ${criterion.condition} #{criterion.value} and #{criterion.secondValue}
                </when>
                <when test="criterion.listValue">
                  and ${criterion.condition}
                  <foreach close=")" collection="criterion.value" item="listItem" open="(" separator=",">
                    #{listItem}
                  </foreach>
                </when>
              </choose>
            </foreach>
          </trim>
        </if>
      </foreach>
    </where>
  </sql>
  <sql id="Base_Column_List">
    id, name, gender, cellphone, head_img, password, create_time, email, region, order_num, 
    order_sum, status
  </sql>
  <select id="selectByExample" parameterType="com.datangedu.cn.model.czy.MemberExample" resultMap="BaseResultMap">
    select
    <if test="distinct">
      distinct
    </if>
    <include refid="Base_Column_List" />
    from member
    <if test="_parameter != null">
      <include refid="Example_Where_Clause" />
    </if>
    <if test="orderByClause != null">
      order by ${orderByClause}
    </if>
  </select>
  <select id="selectByPrimaryKey" parameterType="java.lang.String" resultMap="BaseResultMap">
    select 
    <include refid="Base_Column_List" />
    from member
    where id = #{id,jdbcType=VARCHAR}
  </select>
  <delete id="deleteByPrimaryKey" parameterType="java.lang.String">
    delete from member
    where id = #{id,jdbcType=VARCHAR}
  </delete>
  <delete id="deleteByExample" parameterType="com.datangedu.cn.model.czy.MemberExample">
    delete from member
    <if test="_parameter != null">
      <include refid="Example_Where_Clause" />
    </if>
  </delete>
  <insert id="insert" parameterType="com.datangedu.cn.model.czy.Member">
    insert into member (id, name, gender, 
      cellphone, head_img, password, 
      create_time, email, region, 
      order_num, order_sum, status
      )
    values (#{id,jdbcType=VARCHAR}, #{name,jdbcType=VARCHAR}, #{gender,jdbcType=INTEGER}, 
      #{cellphone,jdbcType=VARCHAR}, #{headImg,jdbcType=VARCHAR}, #{password,jdbcType=VARCHAR}, 
      #{createTime,jdbcType=TIMESTAMP}, #{email,jdbcType=VARCHAR}, #{region,jdbcType=VARCHAR}, 
      #{orderNum,jdbcType=INTEGER}, #{orderSum,jdbcType=INTEGER}, #{status,jdbcType=INTEGER}
      )
  </insert>
  <insert id="insertSelective" parameterType="com.datangedu.cn.model.czy.Member">
    insert into member
    <trim prefix="(" suffix=")" suffixOverrides=",">
      <if test="id != null">
        id,
      </if>
      <if test="name != null">
        name,
      </if>
      <if test="gender != null">
        gender,
      </if>
      <if test="cellphone != null">
        cellphone,
      </if>
      <if test="headImg != null">
        head_img,
      </if>
      <if test="password != null">
        password,
      </if>
      <if test="createTime != null">
        create_time,
      </if>
      <if test="email != null">
        email,
      </if>
      <if test="region != null">
        region,
      </if>
      <if test="orderNum != null">
        order_num,
      </if>
      <if test="orderSum != null">
        order_sum,
      </if>
      <if test="status != null">
        status,
      </if>
    </trim>
    <trim prefix="values (" suffix=")" suffixOverrides=",">
      <if test="id != null">
        #{id,jdbcType=VARCHAR},
      </if>
      <if test="name != null">
        #{name,jdbcType=VARCHAR},
      </if>
      <if test="gender != null">
        #{gender,jdbcType=INTEGER},
      </if>
      <if test="cellphone != null">
        #{cellphone,jdbcType=VARCHAR},
      </if>
      <if test="headImg != null">
        #{headImg,jdbcType=VARCHAR},
      </if>
      <if test="password != null">
        #{password,jdbcType=VARCHAR},
      </if>
      <if test="createTime != null">
        #{createTime,jdbcType=TIMESTAMP},
      </if>
      <if test="email != null">
        #{email,jdbcType=VARCHAR},
      </if>
      <if test="region != null">
        #{region,jdbcType=VARCHAR},
      </if>
      <if test="orderNum != null">
        #{orderNum,jdbcType=INTEGER},
      </if>
      <if test="orderSum != null">
        #{orderSum,jdbcType=INTEGER},
      </if>
      <if test="status != null">
        #{status,jdbcType=INTEGER},
      </if>
    </trim>
  </insert>
  <select id="countByExample" parameterType="com.datangedu.cn.model.czy.MemberExample" resultType="java.lang.Long">
    select count(*) from member
    <if test="_parameter != null">
      <include refid="Example_Where_Clause" />
    </if>
  </select>
  <update id="updateByExampleSelective" parameterType="map">
    update member
    <set>
      <if test="record.id != null">
        id = #{record.id,jdbcType=VARCHAR},
      </if>
      <if test="record.name != null">
        name = #{record.name,jdbcType=VARCHAR},
      </if>
      <if test="record.gender != null">
        gender = #{record.gender,jdbcType=INTEGER},
      </if>
      <if test="record.cellphone != null">
        cellphone = #{record.cellphone,jdbcType=VARCHAR},
      </if>
      <if test="record.headImg != null">
        head_img = #{record.headImg,jdbcType=VARCHAR},
      </if>
      <if test="record.password != null">
        password = #{record.password,jdbcType=VARCHAR},
      </if>
      <if test="record.createTime != null">
        create_time = #{record.createTime,jdbcType=TIMESTAMP},
      </if>
      <if test="record.email != null">
        email = #{record.email,jdbcType=VARCHAR},
      </if>
      <if test="record.region != null">
        region = #{record.region,jdbcType=VARCHAR},
      </if>
      <if test="record.orderNum != null">
        order_num = #{record.orderNum,jdbcType=INTEGER},
      </if>
      <if test="record.orderSum != null">
        order_sum = #{record.orderSum,jdbcType=INTEGER},
      </if>
      <if test="record.status != null">
        status = #{record.status,jdbcType=INTEGER},
      </if>
    </set>
    <if test="_parameter != null">
      <include refid="Update_By_Example_Where_Clause" />
    </if>
  </update>
  <update id="updateByExample" parameterType="map">
    update member
    set id = #{record.id,jdbcType=VARCHAR},
      name = #{record.name,jdbcType=VARCHAR},
      gender = #{record.gender,jdbcType=INTEGER},
      cellphone = #{record.cellphone,jdbcType=VARCHAR},
      head_img = #{record.headImg,jdbcType=VARCHAR},
      password = #{record.password,jdbcType=VARCHAR},
      create_time = #{record.createTime,jdbcType=TIMESTAMP},
      email = #{record.email,jdbcType=VARCHAR},
      region = #{record.region,jdbcType=VARCHAR},
      order_num = #{record.orderNum,jdbcType=INTEGER},
      order_sum = #{record.orderSum,jdbcType=INTEGER},
      status = #{record.status,jdbcType=INTEGER}
    <if test="_parameter != null">
      <include refid="Update_By_Example_Where_Clause" />
    </if>
  </update>
  <update id="updateByPrimaryKeySelective" parameterType="com.datangedu.cn.model.czy.Member">
    update member
    <set>
      <if test="name != null">
        name = #{name,jdbcType=VARCHAR},
      </if>
      <if test="gender != null">
        gender = #{gender,jdbcType=INTEGER},
      </if>
      <if test="cellphone != null">
        cellphone = #{cellphone,jdbcType=VARCHAR},
      </if>
      <if test="headImg != null">
        head_img = #{headImg,jdbcType=VARCHAR},
      </if>
      <if test="password != null">
        password = #{password,jdbcType=VARCHAR},
      </if>
      <if test="createTime != null">
        create_time = #{createTime,jdbcType=TIMESTAMP},
      </if>
      <if test="email != null">
        email = #{email,jdbcType=VARCHAR},
      </if>
      <if test="region != null">
        region = #{region,jdbcType=VARCHAR},
      </if>
      <if test="orderNum != null">
        order_num = #{orderNum,jdbcType=INTEGER},
      </if>
      <if test="orderSum != null">
        order_sum = #{orderSum,jdbcType=INTEGER},
      </if>
      <if test="status != null">
        status = #{status,jdbcType=INTEGER},
      </if>
    </set>
    where id = #{id,jdbcType=VARCHAR}
  </update>
  <update id="updateByPrimaryKey" parameterType="com.datangedu.cn.model.czy.Member">
    update member
    set name = #{name,jdbcType=VARCHAR},
      gender = #{gender,jdbcType=INTEGER},
      cellphone = #{cellphone,jdbcType=VARCHAR},
      head_img = #{headImg,jdbcType=VARCHAR},
      password = #{password,jdbcType=VARCHAR},
      create_time = #{createTime,jdbcType=TIMESTAMP},
      email = #{email,jdbcType=VARCHAR},
      region = #{region,jdbcType=VARCHAR},
      order_num = #{orderNum,jdbcType=INTEGER},
      order_sum = #{orderSum,jdbcType=INTEGER},
      status = #{status,jdbcType=INTEGER}
    where id = #{id,jdbcType=VARCHAR}
  </update>
</mapper>