<?xml version="1.0" encoding="UTF-8"?>
<!DOCTYPE mapper PUBLIC "-//mybatis.org//DTD Mapper 3.0//EN" "http://mybatis.org/dtd/mybatis-3-mapper.dtd">
<mapper namespace="com.datangedu.cn.dao.mapper.ProviderProdutMapper">
  <resultMap id="BaseResultMap" type="com.datangedu.cn.model.czy.ProviderProdut">
    <result column="id" jdbcType="INTEGER" property="id" />
    <result column="provider_id" jdbcType="VARCHAR" property="providerId" />
    <result column="service_name" jdbcType="VARCHAR" property="serviceName" />
    <result column="service_info" jdbcType="VARCHAR" property="serviceInfo" />
    <result column="service_img" jdbcType="VARCHAR" property="serviceImg" />
    <result column="service_content" jdbcType="VARCHAR" property="serviceContent" />
    <result column="price" jdbcType="INTEGER" property="price" />
    <result column="sales_num" jdbcType="INTEGER" property="salesNum" />
    <result column="region" jdbcType="VARCHAR" property="region" />
    <result column="create_time" jdbcType="TIMESTAMP" property="createTime" />
    <result column="recommend" jdbcType="INTEGER" property="recommend" />
    <result column="necessary" jdbcType="INTEGER" property="necessary" />
    <result column="status" jdbcType="INTEGER" property="status" />
    
  </resultMap>
   <resultMap extends="BaseResultMap" id="ResultMapWithBLOBs" type="com.datangedu.cn.model.czy.ProviderProdut">
    <result column="img" jdbcType="LONGVARBINARY" property="img" />
  </resultMap>
  <sql id="Example_Where_Clause">
    <where>
      <foreach collection="oredCriteria" item="criteria" separator="or">
        <if test="criteria.valid">
          <trim prefix="(" prefixOverrides="and" suffix=")">
            <foreach collection="criteria.criteria" item="criterion">
              <choose>
                <when test="criterion.noValue">
                  and ${criterion.condition}
                </when>
                <when test="criterion.singleValue">
                  and ${criterion.condition} #{criterion.value}
                </when>
                <when test="criterion.betweenValue">
                  and ${criterion.condition} #{criterion.value} and #{criterion.secondValue}
                </when>
                <when test="criterion.listValue">
                  and ${criterion.condition}
                  <foreach close=")" collection="criterion.value" item="listItem" open="(" separator=",">
                    #{listItem}
                  </foreach>
                </when>
              </choose>
            </foreach>
          </trim>
        </if>
      </foreach>
    </where>
  </sql>
  <sql id="Update_By_Example_Where_Clause">
    <where>
      <foreach collection="example.oredCriteria" item="criteria" separator="or">
        <if test="criteria.valid">
          <trim prefix="(" prefixOverrides="and" suffix=")">
            <foreach collection="criteria.criteria" item="criterion">
              <choose>
                <when test="criterion.noValue">
                  and ${criterion.condition}
                </when>
                <when test="criterion.singleValue">
                  and ${criterion.condition} #{criterion.value}
                </when>
                <when test="criterion.betweenValue">
                  and ${criterion.condition} #{criterion.value} and #{criterion.secondValue}
                </when>
                <when test="criterion.listValue">
                  and ${criterion.condition}
                  <foreach close=")" collection="criterion.value" item="listItem" open="(" separator=",">
                    #{listItem}
                  </foreach>
                </when>
              </choose>
            </foreach>
          </trim>
        </if>
      </foreach>
    </where>
  </sql>
  <sql id="Base_Column_List">
    id, provider_id, service_name, service_info, service_img, service_content, price, 
    sales_num, region, create_time, recommend, necessary, status 
  </sql>
   <sql id="Blob_Column_List">
    img
  </sql>
  <select id="selectByExample" parameterType="com.datangedu.cn.model.czy.ProviderProdutExample" resultMap="BaseResultMap">
    select
    <if test="distinct">
      distinct
    </if>
    <include refid="Base_Column_List" />
    from provider_produt
    <if test="_parameter != null">
      <include refid="Example_Where_Clause" />
    </if>
    <if test="pageStart>=0">
    limit ${pageStart}, ${pageSize}
    </if>
    <if test="orderByClause != null">
      order by ${orderByClause}
    </if>
  </select>
   <select id="getCount" parameterType="map" resultType="java.lang.Integer">
    select count(*) from provider_produt
  
    <if test="servicename!=null and servicename!=''">
    	where service_name like concat('%',#{servicename},'%')  
    </if> 
    
  </select>
  <select id="selectByName" parameterType="com.datangedu.cn.model.czy.ProviderProdutExample" resultMap="BaseResultMap">
    select
    <if test="distinct">
      distinct
    </if>
    <include refid="Base_Column_List" />
    from provider_produt
    <if test="_parameter != null">
      <include refid="Example_Where_Clause" />
    </if>
     <if test="servicename!=null and servicename!=''">
    	where service_name like concat('%','${servicename}','%')  
    </if>
     <if test="pageStart>=0">
    limit ${pageStart}, ${pageSize}
    </if>
    <if test="orderByClause != null">
      order by ${orderByClause}
    </if>
  </select>
  <select id="selectByPrimaryKey" parameterType="java.lang.Integer" resultMap="BaseResultMap">
    select 
     <include refid="Base_Column_List" />
    from provider_produt
    where id = #{id,jdbcType=INTEGER} 
  </select>
  <delete id="deleteByPrimaryKey" parameterType="java.lang.Integer">
    delete from provider_produt
    where id = #{id,jdbcType=INTEGER}
  </delete>
  <delete id="deleteByExample" parameterType="com.datangedu.cn.model.czy.ProviderProdutExample">
    delete from provider_produt
    <if test="_parameter != null">
      <include refid="Example_Where_Clause" />
    </if>
  </delete>
  <insert id="insert" parameterType="com.datangedu.cn.model.czy.ProviderProdut">
    insert into provider_produt (id, provider_id, service_name, 
      service_info, service_img, service_content, 
      price, sales_num, region, 
      create_time, recommend, necessary, 
      status,img)
    values (#{id,jdbcType=INTEGER}, #{providerId,jdbcType=VARCHAR}, #{serviceName,jdbcType=VARCHAR}, 
      #{serviceInfo,jdbcType=VARCHAR}, #{serviceImg,jdbcType=VARCHAR}, #{serviceContent,jdbcType=VARCHAR}, 
      #{price,jdbcType=INTEGER}, #{salesNum,jdbcType=INTEGER}, #{region,jdbcType=VARCHAR}, 
      #{createTime,jdbcType=TIMESTAMP}, #{recommend,jdbcType=INTEGER}, #{necessary,jdbcType=INTEGER}, 
      #{status,jdbcType=INTEGER},#{img,jdbcType=BLOB})
  </insert>
  <insert id="insertSelective" parameterType="com.datangedu.cn.model.czy.ProviderProdut">
    insert into provider_produt
    <trim prefix="(" suffix=")" suffixOverrides=",">
      <if test="id != null">
        id,
      </if>
      <if test="providerId != null">
        provider_id,
      </if>
      <if test="serviceName != null">
        service_name,
      </if>
      <if test="serviceInfo != null">
        service_info,
      </if>
      <if test="serviceImg != null">
        service_img,
      </if>
      <if test="serviceContent != null">
        service_content,
      </if>
      <if test="price != null">
        price,
      </if>
      <if test="salesNum != null">
        sales_num,
      </if>
      <if test="region != null">
        region,
      </if>
      <if test="createTime != null">
        create_time,
      </if>
      <if test="recommend != null">
        recommend,
      </if>
      <if test="necessary != null">
        necessary,
      </if>
      <if test="status != null">
        status,
      </if>
      <if test="img != null">
        img,
      </if>
    </trim>
    <trim prefix="values (" suffix=")" suffixOverrides=",">
      <if test="id != null">
        #{id,jdbcType=INTEGER},
      </if>
      <if test="providerId != null">
        #{providerId,jdbcType=VARCHAR},
      </if>
      <if test="serviceName != null">
        #{serviceName,jdbcType=VARCHAR},
      </if>
      <if test="serviceInfo != null">
        #{serviceInfo,jdbcType=VARCHAR},
      </if>
      <if test="serviceImg != null">
        #{serviceImg,jdbcType=VARCHAR},
      </if>
      <if test="serviceContent != null">
        #{serviceContent,jdbcType=VARCHAR},
      </if>
      <if test="price != null">
        #{price,jdbcType=INTEGER},
      </if>
      <if test="salesNum != null">
        #{salesNum,jdbcType=INTEGER},
      </if>
      <if test="region != null">
        #{region,jdbcType=VARCHAR},
      </if>
      <if test="createTime != null">
        #{createTime,jdbcType=TIMESTAMP},
      </if>
      <if test="recommend != null">
        #{recommend,jdbcType=INTEGER},
      </if>
      <if test="necessary != null">
        #{necessary,jdbcType=INTEGER},
      </if>
      <if test="status != null">
        #{status,jdbcType=INTEGER},
      </if>
      <if test="img != null">
        #{img,jdbcType=BLOB},
      </if>
    </trim>
  </insert>
  <select id="countByExample" parameterType="com.datangedu.cn.model.czy.ProviderProdutExample" resultType="java.lang.Long">
    select count(*) from provider_produt
    <if test="_parameter != null">
      <include refid="Example_Where_Clause" />
    </if>
  </select>
  <update id="updateByExampleSelective" parameterType="map">
    update provider_produt
    <set>
      <if test="record.id != null">
        id = #{record.id,jdbcType=INTEGER},
      </if>
      <if test="record.providerId != null">
        provider_id = #{record.providerId,jdbcType=VARCHAR},
      </if>
      <if test="record.service_name != null">
        service_name = #{record.service_name,jdbcType=VARCHAR},
      </if>
      <if test="record.serviceInfo != null">
        service_info = #{record.serviceInfo,jdbcType=VARCHAR},
      </if>
      <if test="record.serviceImg != null">
        service_img = #{record.serviceImg,jdbcType=VARCHAR},
      </if>
      <if test="record.serviceContent != null">
        service_content = #{record.serviceContent,jdbcType=VARCHAR},
      </if>
      <if test="record.price != null">
        price = #{record.price,jdbcType=INTEGER},
      </if>
      <if test="record.salesNum != null">
        sales_num = #{record.salesNum,jdbcType=INTEGER},
      </if>
      <if test="record.region != null">
        region = #{record.region,jdbcType=VARCHAR},
      </if>
      <if test="record.createTime != null">
        create_time = #{record.createTime,jdbcType=TIMESTAMP},
      </if>
      <if test="record.recommend != null">
        recommend = #{record.recommend,jdbcType=INTEGER},
      </if>
      <if test="record.necessary != null">
        necessary = #{record.necessary,jdbcType=INTEGER},
      </if>
      <if test="record.status != null">
        status = #{record.status,jdbcType=INTEGER},
      </if>
    </set>
    <if test="_parameter != null">
      <include refid="Update_By_Example_Where_Clause" />
    </if>
  </update>
  <update id="updateByExample" parameterType="map">
    update provider_produt
    set id = #{record.id,jdbcType=INTEGER},
      provider_id = #{record.providerId,jdbcType=VARCHAR},
      service_name = #{record.service_name,jdbcType=VARCHAR},
      service_info = #{record.serviceInfo,jdbcType=VARCHAR},
      service_img = #{record.serviceImg,jdbcType=VARCHAR},
      service_content = #{record.serviceContent,jdbcType=VARCHAR},
      price = #{record.price,jdbcType=INTEGER},
      sales_num = #{record.salesNum,jdbcType=INTEGER},
      region = #{record.region,jdbcType=VARCHAR},
      create_time = #{record.createTime,jdbcType=TIMESTAMP},
      recommend = #{record.recommend,jdbcType=INTEGER},
      necessary = #{record.necessary,jdbcType=INTEGER},
      status = #{record.status,jdbcType=INTEGER}
    <if test="_parameter != null">
      <include refid="Update_By_Example_Where_Clause" />
    </if>
  </update>
  <update id="updateByPrimaryKeySelective" parameterType="com.datangedu.cn.model.czy.ProviderProdut">
    update provider_produt
    <set>
      <if test="providerId != null">
        provider_id = #{providerId,jdbcType=VARCHAR},
      </if>
      <if test="serviceName != null">
        service_name = #{serviceName,jdbcType=VARCHAR},
      </if>
      <if test="serviceInfo != null">
        service_info = #{serviceInfo,jdbcType=VARCHAR},
      </if>
      <if test="serviceImg != null">
        service_img = #{serviceImg,jdbcType=VARCHAR},
      </if>
      <if test="serviceContent != null">
        service_content = #{serviceContent,jdbcType=VARCHAR},
      </if>
      <if test="price != null">
        price = #{price,jdbcType=INTEGER},
      </if>
      <if test="salesNum != null">
        sales_num = #{salesNum,jdbcType=INTEGER},
      </if>
      <if test="region != null">
        region = #{region,jdbcType=VARCHAR},
      </if>
      <if test="createTime != null">
        create_time = #{createTime,jdbcType=TIMESTAMP},
      </if>
      <if test="recommend != null">
        recommend = #{recommend,jdbcType=INTEGER},
      </if>
      <if test="necessary != null">
        necessary = #{necessary,jdbcType=INTEGER},
      </if>
      <if test="status != null">
        status = #{status,jdbcType=INTEGER},
      </if>
    </set>
    where id = #{id,jdbcType=VARCHAR}
  </update>
  <update id="updateByPrimaryKey" parameterType="com.datangedu.cn.model.czy.ProviderProdut">
    update provider_produt
    set provider_id = #{providerId,jdbcType=VARCHAR},
      service_name = #{serviceName,jdbcType=VARCHAR},
      service_info = #{serviceInfo,jdbcType=VARCHAR},
      service_img = #{serviceImg,jdbcType=VARCHAR},
      service_content = #{serviceContent,jdbcType=VARCHAR},
      price = #{price,jdbcType=INTEGER},
      sales_num = #{salesNum,jdbcType=INTEGER},
      region = #{region,jdbcType=VARCHAR},
      create_time = #{createTime,jdbcType=TIMESTAMP},
      recommend = #{recommend,jdbcType=INTEGER},
      necessary = #{necessary,jdbcType=INTEGER},
      status = #{status,jdbcType=INTEGER},
      img=#{img,jdbcType=BLOB}
    where id = #{id,jdbcType=INTEGER}
  </update>
  <update id="updateById" parameterType="com.datangedu.cn.model.czy.ProviderProdut">
    update provider_produt
    set img = #{img,jdbcType=BLOB}
    where id = #{id,jdbcType=INTEGER}
  </update>
  <update id="updateByPrimaryKey5" parameterType="com.datangedu.cn.model.czy.ProviderProdut">
    update provider_produt
    set provider_id = #{providerId,jdbcType=VARCHAR},
      service_name = #{serviceName,jdbcType=VARCHAR},
      service_info = #{serviceInfo,jdbcType=VARCHAR},
      service_img = #{serviceImg,jdbcType=VARCHAR},
      service_content = #{serviceContent,jdbcType=VARCHAR},
      price = #{price,jdbcType=INTEGER},
      sales_num = #{salesNum,jdbcType=INTEGER},
      region = #{region,jdbcType=VARCHAR},
      create_time = #{createTime,jdbcType=TIMESTAMP},
      recommend = #{recommend,jdbcType=INTEGER},
      necessary = #{necessary,jdbcType=INTEGER},
      status = #{status,jdbcType=INTEGER}
    where id = #{id,jdbcType=INTEGER}
  </update>
  <insert id="insert5" parameterType="com.datangedu.cn.model.czy.ProviderProdut">
    insert into provider_produt (id, provider_id, service_name, 
      service_info, service_img, service_content, 
      price, sales_num, region, 
      create_time, recommend, necessary, 
      status, img)
    values (#{id,jdbcType=INTEGER}, #{providerId,jdbcType=VARCHAR}, #{serviceName,jdbcType=VARCHAR}, 
      #{serviceInfo,jdbcType=VARCHAR}, #{serviceImg,jdbcType=VARCHAR}, #{serviceContent,jdbcType=VARCHAR}, 
      #{price,jdbcType=INTEGER}, #{salesNum,jdbcType=INTEGER}, #{region,jdbcType=VARCHAR}, 
      #{createTime,jdbcType=TIMESTAMP}, #{recommend,jdbcType=INTEGER}, #{necessary,jdbcType=INTEGER}, 
      #{status,jdbcType=INTEGER}, #{img,jdbcType=LONGVARBINARY})
  </insert>
  <delete id="deleteByPrimaryKey5" parameterType="java.lang.Integer">
    delete from provider_produt
    where id = #{id,jdbcType=INTEGER}
  </delete>
  <select id="selectByName5" parameterType="com.datangedu.cn.model.czy.ProviderProdutExample" resultMap="BaseResultMap">
    select
    <if test="distinct">
      distinct
    </if>
    <include refid="Base_Column_List" />
    from provider_produt
    <if test="_parameter != null">
      <include refid="Example_Where_Clause" />
    </if>
     <if test="servicename!=null and servicename!=''">
    	where service_name like concat('%',${servicename},'%')  
    </if>
     <if test="pageStart>=0">
    limit ${pageStart}, ${pageSize}
    </if>
    <if test="orderByClause != null">
      order by ${orderByClause}
    </if>
  </select>
   <select id="getCount5" parameterType="map" resultType="java.lang.Integer">
    select count(*) from provider_produt
  
    <if test="servicename!=null and servicename!=''">
    	where service_name like concat('%',#{servicename},'%')  
    </if> 
    
  </select>
  <select id="countByExample5" parameterType="com.datangedu.cn.model.czy.ProviderProdutExample" resultType="java.lang.Long">
    select count(*) from provider_produt
    <if test="_parameter != null">
      <include refid="Example_Where_Clause" />
    </if>
     
  </select>
  <select id="selectByPrimaryKey5" parameterType="java.lang.Integer" resultMap="ResultMapWithBLOBs">
     select 
    <include refid="Base_Column_List" />
    ,
    <include refid="Blob_Column_List" />
    from provider_produt
    where id = #{id,jdbcType=INTEGER}
  </select>
  <select id="selectByExample5" parameterType="com.datangedu.cn.model.czy.ProviderProdutExample" resultMap="BaseResultMap">
    select
    <if test="distinct">
      distinct
    </if>
    <include refid="Base_Column_List" />
    from provider_produt
    <if test="_parameter != null">
      <include refid="Example_Where_Clause" />
    </if>
   <!--  <if test="name!=null">
        where name like concat('%',#{name},'%')
    
    </if> -->
    <if test="pageStart>=0">
    limit ${pageStart}, ${pageSize}
    </if>
    <if test="orderByClause != null">
      order by ${orderByClause}
    </if>
  </select>
</mapper>