<?xml version="1.0" encoding="UTF-8"?>
<!DOCTYPE mapper PUBLIC "-//mybatis.org//DTD Mapper 3.0//EN" "http://mybatis.org/dtd/mybatis-3-mapper.dtd">
<mapper namespace="com.datangedu.cn.dao.mapper.RegionMapper">
  <resultMap id="BaseResultMap" type="com.datangedu.cn.model.czy.Region">
    <result column="ID" jdbcType="VARCHAR" property="id" />
    <result column="NAME" jdbcType="VARCHAR" property="name" />
    <result column="LEVEL" jdbcType="DECIMAL" property="level" />
    <result column="PARENT_ID" jdbcType="VARCHAR" property="parentId" />
    <result column="POST_CODE" jdbcType="VARCHAR" property="postCode" />
    <result column="REGION_CODE" jdbcType="VARCHAR" property="regionCode" />
  </resultMap>
  <sql id="Example_Where_Clause">
    <where>
      <foreach collection="oredCriteria" item="criteria" separator="or">
        <if test="criteria.valid">
          <trim prefix="(" prefixOverrides="and" suffix=")">
            <foreach collection="criteria.criteria" item="criterion">
              <choose>
                <when test="criterion.noValue">
                  and ${criterion.condition}
                </when>
                <when test="criterion.singleValue">
                  and ${criterion.condition} #{criterion.value}
                </when>
                <when test="criterion.betweenValue">
                  and ${criterion.condition} #{criterion.value} and #{criterion.secondValue}
                </when>
                <when test="criterion.listValue">
                  and ${criterion.condition}
                  <foreach close=")" collection="criterion.value" item="listItem" open="(" separator=",">
                    #{listItem}
                  </foreach>
                </when>
              </choose>
            </foreach>
          </trim>
        </if>
      </foreach>
    </where>
  </sql>
  <sql id="Update_By_Example_Where_Clause">
    <where>
      <foreach collection="example.oredCriteria" item="criteria" separator="or">
        <if test="criteria.valid">
          <trim prefix="(" prefixOverrides="and" suffix=")">
            <foreach collection="criteria.criteria" item="criterion">
              <choose>
                <when test="criterion.noValue">
                  and ${criterion.condition}
                </when>
                <when test="criterion.singleValue">
                  and ${criterion.condition} #{criterion.value}
                </when>
                <when test="criterion.betweenValue">
                  and ${criterion.condition} #{criterion.value} and #{criterion.secondValue}
                </when>
                <when test="criterion.listValue">
                  and ${criterion.condition}
                  <foreach close=")" collection="criterion.value" item="listItem" open="(" separator=",">
                    #{listItem}
                  </foreach>
                </when>
              </choose>
            </foreach>
          </trim>
        </if>
      </foreach>
    </where>
  </sql>
  <sql id="Base_Column_List">
    ID, NAME, LEVEL, PARENT_ID, POST_CODE, REGION_CODE
  </sql>
  <select id="selectByExample" parameterType="com.datangedu.cn.model.czy.RegionExample" resultMap="BaseResultMap">
    select
    <if test="distinct">
      distinct
    </if>
    <include refid="Base_Column_List" />
    from region
    <if test="_parameter != null">
      <include refid="Example_Where_Clause" />
    </if>
    <if test="orderByClause != null">
      order by ${orderByClause}
    </if>
  </select>
  <delete id="deleteByExample" parameterType="com.datangedu.cn.model.czy.RegionExample">
    delete from region
    <if test="_parameter != null">
      <include refid="Example_Where_Clause" />
    </if>
  </delete>
  <insert id="insert" parameterType="com.datangedu.cn.model.czy.Region">
    insert into region (ID, NAME, LEVEL, 
      PARENT_ID, POST_CODE, REGION_CODE
      )
    values (#{id,jdbcType=VARCHAR}, #{name,jdbcType=VARCHAR}, #{level,jdbcType=DECIMAL}, 
      #{parentId,jdbcType=VARCHAR}, #{postCode,jdbcType=VARCHAR}, #{regionCode,jdbcType=VARCHAR}
      )
  </insert>
  <insert id="insertSelective" parameterType="com.datangedu.cn.model.czy.Region">
    insert into region
    <trim prefix="(" suffix=")" suffixOverrides=",">
      <if test="id != null">
        ID,
      </if>
      <if test="name != null">
        NAME,
      </if>
      <if test="level != null">
        LEVEL,
      </if>
      <if test="parentId != null">
        PARENT_ID,
      </if>
      <if test="postCode != null">
        POST_CODE,
      </if>
      <if test="regionCode != null">
        REGION_CODE,
      </if>
    </trim>
    <trim prefix="values (" suffix=")" suffixOverrides=",">
      <if test="id != null">
        #{id,jdbcType=VARCHAR},
      </if>
      <if test="name != null">
        #{name,jdbcType=VARCHAR},
      </if>
      <if test="level != null">
        #{level,jdbcType=DECIMAL},
      </if>
      <if test="parentId != null">
        #{parentId,jdbcType=VARCHAR},
      </if>
      <if test="postCode != null">
        #{postCode,jdbcType=VARCHAR},
      </if>
      <if test="regionCode != null">
        #{regionCode,jdbcType=VARCHAR},
      </if>
    </trim>
  </insert>
  <select id="countByExample" parameterType="com.datangedu.cn.model.czy.RegionExample" resultType="java.lang.Long">
    select count(*) from region
    <if test="_parameter != null">
      <include refid="Example_Where_Clause" />
    </if>
  </select>
  <update id="updateByExampleSelective" parameterType="map">
    update region
    <set>
      <if test="record.id != null">
        ID = #{record.id,jdbcType=VARCHAR},
      </if>
      <if test="record.name != null">
        NAME = #{record.name,jdbcType=VARCHAR},
      </if>
      <if test="record.level != null">
        LEVEL = #{record.level,jdbcType=DECIMAL},
      </if>
      <if test="record.parentId != null">
        PARENT_ID = #{record.parentId,jdbcType=VARCHAR},
      </if>
      <if test="record.postCode != null">
        POST_CODE = #{record.postCode,jdbcType=VARCHAR},
      </if>
      <if test="record.regionCode != null">
        REGION_CODE = #{record.regionCode,jdbcType=VARCHAR},
      </if>
    </set>
    <if test="_parameter != null">
      <include refid="Update_By_Example_Where_Clause" />
    </if>
  </update>
  <update id="updateByExample" parameterType="map">
    update region
    set ID = #{record.id,jdbcType=VARCHAR},
      NAME = #{record.name,jdbcType=VARCHAR},
      LEVEL = #{record.level,jdbcType=DECIMAL},
      PARENT_ID = #{record.parentId,jdbcType=VARCHAR},
      POST_CODE = #{record.postCode,jdbcType=VARCHAR},
      REGION_CODE = #{record.regionCode,jdbcType=VARCHAR}
    <if test="_parameter != null">
      <include refid="Update_By_Example_Where_Clause" />
    </if>
  </update>
</mapper>