<?xml version="1.0" encoding="UTF-8"?>
<!DOCTYPE mapper PUBLIC "-//mybatis.org//DTD Mapper 3.0//EN" "http://mybatis.org/dtd/mybatis-3-mapper.dtd">
<mapper namespace="com.datangedu.cn.dao.mapper.CartMapper">
  <resultMap id="BaseResultMap" type="com.datangedu.cn.model.czy.Cart">
    <id column="ID" jdbcType="VARCHAR" property="id" />
    <result column="MEMBER_ID" jdbcType="VARCHAR" property="memberId" />
    <result column="PRODUCT_ID" jdbcType="VARCHAR" property="productId" />
    <result column="SERVICE_ID" jdbcType="VARCHAR" property="serviceId" />
    <result column="SERVICE_NAME" jdbcType="VARCHAR" property="serviceName" />
    <result column="SERVICE_INFO" jdbcType="VARCHAR" property="serviceInfo" />
    <result column="UNIT_PRICE" jdbcType="INTEGER" property="unitPrice" />
    <result column="BUY_NUM" jdbcType="INTEGER" property="buyNum" />
    <result column="TOTAL_PRICE" jdbcType="INTEGER" property="totalPrice" />
    <result column="SERVICE_REQUEST" jdbcType="VARCHAR" property="serviceRequest" />
    <result column="PROVIDE_ID" jdbcType="VARCHAR" property="provideId" />
    <result column="UNIT" jdbcType="VARCHAR" property="unit" />
  </resultMap>
  <sql id="Example_Where_Clause">
    <where>
      <foreach collection="oredCriteria" item="criteria" separator="or">
        <if test="criteria.valid">
          <trim prefix="(" prefixOverrides="and" suffix=")">
            <foreach collection="criteria.criteria" item="criterion">
              <choose>
                <when test="criterion.noValue">
                  and ${criterion.condition}
                </when>
                <when test="criterion.singleValue">
                  and ${criterion.condition} #{criterion.value}
                </when>
                <when test="criterion.betweenValue">
                  and ${criterion.condition} #{criterion.value} and #{criterion.secondValue}
                </when>
                <when test="criterion.listValue">
                  and ${criterion.condition}
                  <foreach close=")" collection="criterion.value" item="listItem" open="(" separator=",">
                    #{listItem}
                  </foreach>
                </when>
              </choose>
            </foreach>
          </trim>
        </if>
      </foreach>
    </where>
  </sql>
  <sql id="Update_By_Example_Where_Clause">
    <where>
      <foreach collection="example.oredCriteria" item="criteria" separator="or">
        <if test="criteria.valid">
          <trim prefix="(" prefixOverrides="and" suffix=")">
            <foreach collection="criteria.criteria" item="criterion">
              <choose>
                <when test="criterion.noValue">
                  and ${criterion.condition}
                </when>
                <when test="criterion.singleValue">
                  and ${criterion.condition} #{criterion.value}
                </when>
                <when test="criterion.betweenValue">
                  and ${criterion.condition} #{criterion.value} and #{criterion.secondValue}
                </when>
                <when test="criterion.listValue">
                  and ${criterion.condition}
                  <foreach close=")" collection="criterion.value" item="listItem" open="(" separator=",">
                    #{listItem}
                  </foreach>
                </when>
              </choose>
            </foreach>
          </trim>
        </if>
      </foreach>
    </where>
  </sql>
  <sql id="Base_Column_List">
    ID, MEMBER_ID, PRODUCT_ID, SERVICE_ID, SERVICE_NAME, SERVICE_INFO, UNIT_PRICE, BUY_NUM, 
    TOTAL_PRICE, SERVICE_REQUEST, PROVIDE_ID, UNIT
  </sql>
  <select id="selectUnitPriceById" parameterType="java.lang.String" resultType="java.lang.Integer">
  	select UNIT_PRICE from cart
  	<where>
  		PRODUCT_ID = #{productId}
  	</where>
  </select>
  <select id="selectTotalPriceById" parameterType="java.lang.String" resultType="java.lang.Integer">
  	select TOTAL_PRICE from cart
  	<where>
  		PRODUCT_ID = #{productId}
  	</where>
  </select>
<update id="updateNumAndPriceByProductId" >
  UPDATE cart
  <set>
  	<if test="buynum != null">
  		BUY_NUM = #{buynum,jdbcType=INTEGER},
  	</if>
  	<if test="totalPrice != 0">
  		TOTAL_PRICE = #{totalPrice,jdbcType=INTEGER},
  	</if>
  </set>
  <where>
  	PRODUCT_ID = #{productId}
  </where>
  </update>
  <select id="selectByExample" parameterType="com.datangedu.cn.model.czy.CartExample" resultMap="BaseResultMap">
    select
    <if test="distinct">
      distinct
    </if>
    <include refid="Base_Column_List" />
    from cart
    <if test="_parameter != null">
      <include refid="Example_Where_Clause" />
    </if>
    <if test="orderByClause != null">
      order by ${orderByClause}
    </if>
  </select>
  <select id="selectByPrimaryKey" parameterType="java.lang.String" resultMap="BaseResultMap">
    select 
    <include refid="Base_Column_List" />
    from cart
    where ID = #{id,jdbcType=VARCHAR}
  </select>
  <delete id="deleteByPrimaryKey" parameterType="java.lang.String">
    delete from cart
    where ID = #{id,jdbcType=VARCHAR}
  </delete>
  <delete id="deleteByExample" parameterType="com.datangedu.cn.model.czy.CartExample">
    delete from cart
    <if test="_parameter != null">
      <include refid="Example_Where_Clause" />
    </if>
  </delete>
  <insert id="insert" parameterType="com.datangedu.cn.model.czy.Cart">
    insert into cart (ID, MEMBER_ID, PRODUCT_ID, 
      SERVICE_ID, SERVICE_NAME, SERVICE_INFO, 
      UNIT_PRICE, BUY_NUM, TOTAL_PRICE, 
      SERVICE_REQUEST, PROVIDE_ID, UNIT
      )
    values (#{id,jdbcType=VARCHAR}, #{memberId,jdbcType=VARCHAR}, #{productId,jdbcType=VARCHAR}, 
      #{serviceId,jdbcType=VARCHAR}, #{serviceName,jdbcType=VARCHAR}, #{serviceInfo,jdbcType=VARCHAR}, 
      #{unitPrice,jdbcType=INTEGER}, #{buyNum,jdbcType=INTEGER}, #{totalPrice,jdbcType=INTEGER}, 
      #{serviceRequest,jdbcType=VARCHAR}, #{provideId,jdbcType=VARCHAR}, #{unit,jdbcType=VARCHAR}
      )
  </insert>
  <insert id="insertSelective" parameterType="com.datangedu.cn.model.czy.Cart">
    insert into cart
    <trim prefix="(" suffix=")" suffixOverrides=",">
      <if test="id != null">
        ID,
      </if>
      <if test="memberId != null">
        MEMBER_ID,
      </if>
      <if test="productId != null">
        PRODUCT_ID,
      </if>
      <if test="serviceId != null">
        SERVICE_ID,
      </if>
      <if test="serviceName != null">
        SERVICE_NAME,
      </if>
      <if test="serviceInfo != null">
        SERVICE_INFO,
      </if>
      <if test="unitPrice != null">
        UNIT_PRICE,
      </if>
      <if test="buyNum != null">
        BUY_NUM,
      </if>
      <if test="totalPrice != null">
        TOTAL_PRICE,
      </if>
      <if test="serviceRequest != null">
        SERVICE_REQUEST,
      </if>
      <if test="provideId != null">
        PROVIDE_ID,
      </if>
      <if test="unit != null">
        UNIT,
      </if>
      <if test="img != null">
        IMG,
      </if>
    </trim>
    <trim prefix="values (" suffix=")" suffixOverrides=",">
      <if test="id != null">
        #{id,jdbcType=VARCHAR},
      </if>
      <if test="memberId != null">
        #{memberId,jdbcType=VARCHAR},
      </if>
      <if test="productId != null">
        #{productId,jdbcType=VARCHAR},
      </if>
      <if test="serviceId != null">
        #{serviceId,jdbcType=VARCHAR},
      </if>
      <if test="serviceName != null">
        #{serviceName,jdbcType=VARCHAR},
      </if>
      <if test="serviceInfo != null">
        #{serviceInfo,jdbcType=VARCHAR},
      </if>
      <if test="unitPrice != null">
        #{unitPrice,jdbcType=INTEGER},
      </if>
      <if test="buyNum != null">
        #{buyNum,jdbcType=INTEGER},
      </if>
      <if test="totalPrice != null">
        #{totalPrice,jdbcType=INTEGER},
      </if>
      <if test="serviceRequest != null">
        #{serviceRequest,jdbcType=VARCHAR},
      </if>
      <if test="provideId != null">
        #{provideId,jdbcType=VARCHAR},
      </if>
      <if test="unit != null">
        #{unit,jdbcType=VARCHAR},
      </if>
      <if test="img != null">
        #{img,jdbcType=BLOB},
      </if>
    </trim>
  </insert>
  <select id="countByExample1" parameterType="com.datangedu.cn.model.czy.CartExample" resultType="java.lang.Long">
    select count(*) from cart
    <if test="_parameter != null">
      <include refid="Example_Where_Clause" />
    </if>
  </select>
    <select id="getCount1" parameterType="map" resultType="java.lang.Integer">
    select count(*) from cart
  
    <if test="servicename!=null and servicename!=''">
    	where service_name like concat('%',#{servicename},'%')  
    </if> 
    
  </select>
  <select id="selectByName1" parameterType="com.datangedu.cn.model.czy.ProviderProdutExample" resultMap="BaseResultMap">
    select
    <if test="distinct">
      distinct
    </if>
    <include refid="Base_Column_List" />
    from cart
    <if test="_parameter != null">
      <include refid="Example_Where_Clause" />
    </if>
     <if test="servicename!=null and servicename!=''">
    	where service_name like concat('%','${servicename}','%')  
    </if>
     <if test="pageStart>=0">
    limit ${pageStart}, ${pageSize}
    </if>
    <if test="orderByClause != null">
      order by ${orderByClause}
    </if>
  </select>
  <update id="updateByExampleSelective" parameterType="map">
    update cart
    <set>
      <if test="record.id != null">
        ID = #{record.id,jdbcType=VARCHAR},
      </if>
      <if test="record.memberId != null">
        MEMBER_ID = #{record.memberId,jdbcType=VARCHAR},
      </if>
      <if test="record.productId != null">
        PRODUCT_ID = #{record.productId,jdbcType=VARCHAR},
      </if>
      <if test="record.serviceId != null">
        SERVICE_ID = #{record.serviceId,jdbcType=VARCHAR},
      </if>
      <if test="record.serviceName != null">
        SERVICE_NAME = #{record.serviceName,jdbcType=VARCHAR},
      </if>
      <if test="record.serviceInfo != null">
        SERVICE_INFO = #{record.serviceInfo,jdbcType=VARCHAR},
      </if>
      <if test="record.unitPrice != null">
        UNIT_PRICE = #{record.unitPrice,jdbcType=INTEGER},
      </if>
      <if test="record.buyNum != null">
        BUY_NUM = #{record.buyNum,jdbcType=INTEGER},
      </if>
      <if test="record.totalPrice != null">
        TOTAL_PRICE = #{record.totalPrice,jdbcType=INTEGER},
      </if>
      <if test="record.serviceRequest != null">
        SERVICE_REQUEST = #{record.serviceRequest,jdbcType=VARCHAR},
      </if>
      <if test="record.provideId != null">
        PROVIDE_ID = #{record.provideId,jdbcType=VARCHAR},
      </if>
      <if test="record.unit != null">
        UNIT = #{record.unit,jdbcType=VARCHAR},
      </if>
    </set>
    <if test="_parameter != null">
      <include refid="Update_By_Example_Where_Clause" />
    </if>
  </update>
  <update id="updateByExample" parameterType="map">
    update cart
    set ID = #{record.id,jdbcType=VARCHAR},
      MEMBER_ID = #{record.memberId,jdbcType=VARCHAR},
      PRODUCT_ID = #{record.productId,jdbcType=VARCHAR},
      SERVICE_ID = #{record.serviceId,jdbcType=VARCHAR},
      SERVICE_NAME = #{record.serviceName,jdbcType=VARCHAR},
      SERVICE_INFO = #{record.serviceInfo,jdbcType=VARCHAR},
      UNIT_PRICE = #{record.unitPrice,jdbcType=INTEGER},
      BUY_NUM = #{record.buyNum,jdbcType=INTEGER},
      TOTAL_PRICE = #{record.totalPrice,jdbcType=INTEGER},
      SERVICE_REQUEST = #{record.serviceRequest,jdbcType=VARCHAR},
      PROVIDE_ID = #{record.provideId,jdbcType=VARCHAR},
      UNIT = #{record.unit,jdbcType=VARCHAR}
    <if test="_parameter != null">
      <include refid="Update_By_Example_Where_Clause" />
    </if>
  </update>
  <update id="updateByPrimaryKeySelective" parameterType="com.datangedu.cn.model.czy.Cart">
    update cart
    <set>
      <if test="memberId != null">
        MEMBER_ID = #{memberId,jdbcType=VARCHAR},
      </if>
      <if test="productId != null">
        PRODUCT_ID = #{productId,jdbcType=VARCHAR},
      </if>
      <if test="serviceId != null">
        SERVICE_ID = #{serviceId,jdbcType=VARCHAR},
      </if>
      <if test="serviceName != null">
        SERVICE_NAME = #{serviceName,jdbcType=VARCHAR},
      </if>
      <if test="serviceInfo != null">
        SERVICE_INFO = #{serviceInfo,jdbcType=VARCHAR},
      </if>
      <if test="unitPrice != null">
        UNIT_PRICE = #{unitPrice,jdbcType=INTEGER},
      </if>
      <if test="buyNum != null">
        BUY_NUM = #{buyNum,jdbcType=INTEGER},
      </if>
      <if test="totalPrice != null">
        TOTAL_PRICE = #{totalPrice,jdbcType=INTEGER},
      </if>
      <if test="serviceRequest != null">
        SERVICE_REQUEST = #{serviceRequest,jdbcType=VARCHAR},
      </if>
      <if test="provideId != null">
        PROVIDE_ID = #{provideId,jdbcType=VARCHAR},
      </if>
      <if test="unit != null">
        UNIT = #{unit,jdbcType=VARCHAR},
      </if>
    </set>
    where ID = #{id,jdbcType=VARCHAR}
  </update>
  <update id="updateByPrimaryKey" parameterType="com.datangedu.cn.model.czy.Cart">
    update cart
    set MEMBER_ID = #{memberId,jdbcType=VARCHAR},
      PRODUCT_ID = #{productId,jdbcType=VARCHAR},
      SERVICE_ID = #{serviceId,jdbcType=VARCHAR},
      SERVICE_NAME = #{serviceName,jdbcType=VARCHAR},
      SERVICE_INFO = #{serviceInfo,jdbcType=VARCHAR},
      UNIT_PRICE = #{unitPrice,jdbcType=INTEGER},
      BUY_NUM = #{buyNum,jdbcType=INTEGER},
      TOTAL_PRICE = #{totalPrice,jdbcType=INTEGER},
      SERVICE_REQUEST = #{serviceRequest,jdbcType=VARCHAR},
      PROVIDE_ID = #{provideId,jdbcType=VARCHAR},
      UNIT = #{unit,jdbcType=VARCHAR}
    where ID = #{id,jdbcType=VARCHAR}
  </update>
</mapper>