<?xml version="1.0" encoding="UTF-8"?>
<!DOCTYPE mapper PUBLIC "-//mybatis.org//DTD Mapper 3.0//EN" "http://mybatis.org/dtd/mybatis-3-mapper.dtd">
<mapper namespace="com.dt.cn.dao.mapper.MemberMapper">
  <resultMap id="BaseResultMap" type="com.dt.cn.model.User.Member">
    <result column="ID" jdbcType="VARCHAR" property="id" />
    <result column="NAME" jdbcType="VARCHAR" property="name" />
    <result column="GENDER" jdbcType="INTEGER" property="gender" />
    <result column="CELLPHONE" jdbcType="VARCHAR" property="cellphone" />
    <result column="LOGIN_ID" jdbcType="VARCHAR" property="loginId" />
    <result column="PASSWORD" jdbcType="VARCHAR" property="password" />
    <result column="HEAD_IMG" jdbcType="VARCHAR" property="headImg" />
    <result column="REGISTER_TIME" jdbcType="DATE" property="registerTime" />
    <result column="EMAIL" jdbcType="VARCHAR" property="email" />
    <result column="STATUS" jdbcType="INTEGER" property="status" />
    <result column="LAST_LOGIN_TIME" jdbcType="DATE" property="lastLoginTime" />
    <result column="REGION_ID" jdbcType="VARCHAR" property="regionId" />
    <result column="CODE" jdbcType="INTEGER" property="code" />
  </resultMap>
  <sql id="Example_Where_Clause">
    <where>
      <foreach collection="oredCriteria" item="criteria" separator="or">
        <if test="criteria.valid">
          <trim prefix="(" prefixOverrides="and" suffix=")">
            <foreach collection="criteria.criteria" item="criterion">
              <choose>
                <when test="criterion.noValue">
                  and ${criterion.condition}
                </when>
                <when test="criterion.singleValue">
                  and ${criterion.condition} #{criterion.value}
                </when>
                <when test="criterion.betweenValue">
                  and ${criterion.condition} #{criterion.value} and #{criterion.secondValue}
                </when>
                <when test="criterion.listValue">
                  and ${criterion.condition}
                  <foreach close=")" collection="criterion.value" item="listItem" open="(" separator=",">
                    #{listItem}
                  </foreach>
                </when>
              </choose>
            </foreach>
          </trim>
        </if>
      </foreach>
    </where>
  </sql>
  <sql id="Update_By_Example_Where_Clause">
    <where>
      <foreach collection="example.oredCriteria" item="criteria" separator="or">
        <if test="criteria.valid">
          <trim prefix="(" prefixOverrides="and" suffix=")">
            <foreach collection="criteria.criteria" item="criterion">
              <choose>
                <when test="criterion.noValue">
                  and ${criterion.condition}
                </when>
                <when test="criterion.singleValue">
                  and ${criterion.condition} #{criterion.value}
                </when>
                <when test="criterion.betweenValue">
                  and ${criterion.condition} #{criterion.value} and #{criterion.secondValue}
                </when>
                <when test="criterion.listValue">
                  and ${criterion.condition}
                  <foreach close=")" collection="criterion.value" item="listItem" open="(" separator=",">
                    #{listItem}
                  </foreach>
                </when>
              </choose>
            </foreach>
          </trim>
        </if>
      </foreach>
    </where>
  </sql>
  <sql id="Base_Column_List">
    ID, NAME, GENDER, CELLPHONE, LOGIN_ID, PASSWORD, HEAD_IMG, REGISTER_TIME, EMAIL, 
    STATUS, LAST_LOGIN_TIME, REGION_ID, CODE
  </sql>
  <select id="selectByExample" parameterType="com.dt.cn.model.User.MemberExample" resultMap="BaseResultMap">
    select
    <if test="distinct">
      distinct
    </if>
    <include refid="Base_Column_List" />
    from member
    <if test="_parameter != null">
      <include refid="Example_Where_Clause" />
    </if>
    <if test="orderByClause != null">
      order by ${orderByClause}
    </if>
  </select>
  <delete id="deleteByExample" parameterType="com.dt.cn.model.User.MemberExample">
    delete from member
    <if test="_parameter != null">
      <include refid="Example_Where_Clause" />
    </if>
  </delete>
  <insert id="insert" parameterType="com.dt.cn.model.User.Member">
    insert into member (ID, NAME, GENDER, 
      CELLPHONE, LOGIN_ID, PASSWORD, 
      HEAD_IMG, REGISTER_TIME, EMAIL, 
      STATUS, LAST_LOGIN_TIME, REGION_ID, 
      CODE)
    values (#{id,jdbcType=VARCHAR}, #{name,jdbcType=VARCHAR}, #{gender,jdbcType=INTEGER}, 
      #{cellphone,jdbcType=VARCHAR}, #{loginId,jdbcType=VARCHAR}, #{password,jdbcType=VARCHAR}, 
      #{headImg,jdbcType=VARCHAR}, #{registerTime,jdbcType=DATE}, #{email,jdbcType=VARCHAR}, 
      #{status,jdbcType=INTEGER}, #{lastLoginTime,jdbcType=DATE}, #{regionId,jdbcType=VARCHAR}, 
      #{code,jdbcType=INTEGER})
  </insert>
  <insert id="insertSelective" parameterType="com.dt.cn.model.User.Member">
    insert into member
    <trim prefix="(" suffix=")" suffixOverrides=",">
      <if test="id != null">
        ID,
      </if>
      <if test="name != null">
        NAME,
      </if>
      <if test="gender != null">
        GENDER,
      </if>
      <if test="cellphone != null">
        CELLPHONE,
      </if>
      <if test="loginId != null">
        LOGIN_ID,
      </if>
      <if test="password != null">
        PASSWORD,
      </if>
      <if test="headImg != null">
        HEAD_IMG,
      </if>
      <if test="registerTime != null">
        REGISTER_TIME,
      </if>
      <if test="email != null">
        EMAIL,
      </if>
      <if test="status != null">
        STATUS,
      </if>
      <if test="lastLoginTime != null">
        LAST_LOGIN_TIME,
      </if>
      <if test="regionId != null">
        REGION_ID,
      </if>
      <if test="code != null">
        CODE,
      </if>
    </trim>
    <trim prefix="values (" suffix=")" suffixOverrides=",">
      <if test="id != null">
        #{id,jdbcType=VARCHAR},
      </if>
      <if test="name != null">
        #{name,jdbcType=VARCHAR},
      </if>
      <if test="gender != null">
        #{gender,jdbcType=INTEGER},
      </if>
      <if test="cellphone != null">
        #{cellphone,jdbcType=VARCHAR},
      </if>
      <if test="loginId != null">
        #{loginId,jdbcType=VARCHAR},
      </if>
      <if test="password != null">
        #{password,jdbcType=VARCHAR},
      </if>
      <if test="headImg != null">
        #{headImg,jdbcType=VARCHAR},
      </if>
      <if test="registerTime != null">
        #{registerTime,jdbcType=DATE},
      </if>
      <if test="email != null">
        #{email,jdbcType=VARCHAR},
      </if>
      <if test="status != null">
        #{status,jdbcType=INTEGER},
      </if>
      <if test="lastLoginTime != null">
        #{lastLoginTime,jdbcType=DATE},
      </if>
      <if test="regionId != null">
        #{regionId,jdbcType=VARCHAR},
      </if>
      <if test="code != null">
        #{code,jdbcType=INTEGER},
      </if>
    </trim>
  </insert>
  <select id="countByExample" parameterType="com.dt.cn.model.User.MemberExample" resultType="java.lang.Long">
    select count(*) from member
    <if test="_parameter != null">
      <include refid="Example_Where_Clause" />
    </if>
  </select>
  <update id="updateByExampleSelective" parameterType="map">
    update member
    <set>
      <if test="record.id != null">
        ID = #{record.id,jdbcType=VARCHAR},
      </if>
      <if test="record.name != null">
        NAME = #{record.name,jdbcType=VARCHAR},
      </if>
      <if test="record.gender != null">
        GENDER = #{record.gender,jdbcType=INTEGER},
      </if>
      <if test="record.cellphone != null">
        CELLPHONE = #{record.cellphone,jdbcType=VARCHAR},
      </if>
      <if test="record.loginId != null">
        LOGIN_ID = #{record.loginId,jdbcType=VARCHAR},
      </if>
      <if test="record.password != null">
        PASSWORD = #{record.password,jdbcType=VARCHAR},
      </if>
      <if test="record.headImg != null">
        HEAD_IMG = #{record.headImg,jdbcType=VARCHAR},
      </if>
      <if test="record.registerTime != null">
        REGISTER_TIME = #{record.registerTime,jdbcType=DATE},
      </if>
      <if test="record.email != null">
        EMAIL = #{record.email,jdbcType=VARCHAR},
      </if>
      <if test="record.status != null">
        STATUS = #{record.status,jdbcType=INTEGER},
      </if>
      <if test="record.lastLoginTime != null">
        LAST_LOGIN_TIME = #{record.lastLoginTime,jdbcType=DATE},
      </if>
      <if test="record.regionId != null">
        REGION_ID = #{record.regionId,jdbcType=VARCHAR},
      </if>
      <if test="record.code != null">
        CODE = #{record.code,jdbcType=INTEGER},
      </if>
    </set>
    <if test="_parameter != null">
      <include refid="Update_By_Example_Where_Clause" />
    </if>
  </update>
  <update id="updateByExample" parameterType="map">
    update member
    set ID = #{record.id,jdbcType=VARCHAR},
      NAME = #{record.name,jdbcType=VARCHAR},
      GENDER = #{record.gender,jdbcType=INTEGER},
      CELLPHONE = #{record.cellphone,jdbcType=VARCHAR},
      LOGIN_ID = #{record.loginId,jdbcType=VARCHAR},
      PASSWORD = #{record.password,jdbcType=VARCHAR},
      HEAD_IMG = #{record.headImg,jdbcType=VARCHAR},
      REGISTER_TIME = #{record.registerTime,jdbcType=DATE},
      EMAIL = #{record.email,jdbcType=VARCHAR},
      STATUS = #{record.status,jdbcType=INTEGER},
      LAST_LOGIN_TIME = #{record.lastLoginTime,jdbcType=DATE},
      REGION_ID = #{record.regionId,jdbcType=VARCHAR},
      CODE = #{record.code,jdbcType=INTEGER}
    <if test="_parameter != null">
      <include refid="Update_By_Example_Where_Clause" />
    </if>
  </update>
 
</mapper>