<?xml version="1.0" encoding="UTF-8"?>
<!DOCTYPE mapper PUBLIC "-//mybatis.org//DTD Mapper 3.0//EN" "http://mybatis.org/dtd/mybatis-3-mapper.dtd">
<mapper namespace="com.dt.cn.dao.mapper.XdUserMapper">
  <resultMap id="BaseResultMap" type="com.dt.cn.model.User.XdUser">
    <id column="id" jdbcType="VARCHAR" property="id" />
    <result column="phone" jdbcType="VARCHAR" property="phone" />
    <result column="password" jdbcType="VARCHAR" property="password" />
    <result column="head_img" jdbcType="VARCHAR" property="headImg" />
    <result column="name" jdbcType="VARCHAR" property="name" />
    <result column="email" jdbcType="VARCHAR" property="email" />
    <result column="status" jdbcType="VARCHAR" property="status" />
    <result column="ts" jdbcType="TIMESTAMP" property="ts" />
  </resultMap>
  <sql id="Example_Where_Clause">
    <where>
      <foreach collection="oredCriteria" item="criteria" separator="or">
        <if test="criteria.valid">
          <trim prefix="(" prefixOverrides="and" suffix=")">
            <foreach collection="criteria.criteria" item="criterion">
              <choose>
                <when test="criterion.noValue">
                  and ${criterion.condition}
                </when>
                <when test="criterion.singleValue">
                  and ${criterion.condition} #{criterion.value}
                </when>
                <when test="criterion.betweenValue">
                  and ${criterion.condition} #{criterion.value} and #{criterion.secondValue}
                </when>
                <when test="criterion.listValue">
                  and ${criterion.condition}
                  <foreach close=")" collection="criterion.value" item="listItem" open="(" separator=",">
                    #{listItem}
                  </foreach>
                </when>
              </choose>
            </foreach>
          </trim>
        </if>
      </foreach>
    </where>
  </sql>
  <sql id="Update_By_Example_Where_Clause">
    <where>
      <foreach collection="example.oredCriteria" item="criteria" separator="or">
        <if test="criteria.valid">
          <trim prefix="(" prefixOverrides="and" suffix=")">
            <foreach collection="criteria.criteria" item="criterion">
              <choose>
                <when test="criterion.noValue">
                  and ${criterion.condition}
                </when>
                <when test="criterion.singleValue">
                  and ${criterion.condition} #{criterion.value}
                </when>
                <when test="criterion.betweenValue">
                  and ${criterion.condition} #{criterion.value} and #{criterion.secondValue}
                </when>
                <when test="criterion.listValue">
                  and ${criterion.condition}
                  <foreach close=")" collection="criterion.value" item="listItem" open="(" separator=",">
                    #{listItem}
                  </foreach>
                </when>
              </choose>
            </foreach>
          </trim>
        </if>
      </foreach>
    </where>
  </sql>
  <sql id="Base_Column_List">
    id, phone, password, head_img, name, email, status, ts
  </sql>
  <select id="selectByExample" parameterType="com.dt.cn.model.User.XdUserExample" resultMap="BaseResultMap">
    select
    <if test="distinct">
      distinct
    </if>
    <include refid="Base_Column_List" />
    from xd_user
    <if test="_parameter != null">
      <include refid="Example_Where_Clause" />
    </if>
    <if test="orderByClause != null">
      order by ${orderByClause}
    </if>
  </select>
  <select id="selectByPrimaryKey" parameterType="java.lang.String" resultMap="BaseResultMap">
    select 
    <include refid="Base_Column_List" />
    from xd_user
    where id = #{id,jdbcType=VARCHAR}
  </select>
  <delete id="deleteByPrimaryKey" parameterType="java.lang.String">
    delete from xd_user
    where id = #{id,jdbcType=VARCHAR}
  </delete>
  <delete id="deleteByExample" parameterType="com.dt.cn.model.User.XdUserExample">
    delete from xd_user
    <if test="_parameter != null">
      <include refid="Example_Where_Clause" />
    </if>
  </delete>
  <insert id="insert" parameterType="com.dt.cn.model.User.XdUser">
    insert into xd_user (id, phone, password, 
      head_img, name, email, 
      status, ts)
    values (#{id,jdbcType=VARCHAR}, #{phone,jdbcType=VARCHAR}, #{password,jdbcType=VARCHAR}, 
      #{headImg,jdbcType=VARCHAR}, #{name,jdbcType=VARCHAR}, #{email,jdbcType=VARCHAR}, 
      #{status,jdbcType=VARCHAR}, #{ts,jdbcType=TIMESTAMP})
  </insert>
  <insert id="insertSelective" parameterType="com.dt.cn.model.User.XdUser">
    insert into xd_user
    <trim prefix="(" suffix=")" suffixOverrides=",">
      <if test="id != null">
        id,
      </if>
      <if test="phone != null">
        phone,
      </if>
      <if test="password != null">
        password,
      </if>
      <if test="headImg != null">
        head_img,
      </if>
      <if test="name != null">
        name,
      </if>
      <if test="email != null">
        email,
      </if>
      <if test="status != null">
        status,
      </if>
      <if test="ts != null">
        ts,
      </if>
    </trim>
    <trim prefix="values (" suffix=")" suffixOverrides=",">
      <if test="id != null">
        #{id,jdbcType=VARCHAR},
      </if>
      <if test="phone != null">
        #{phone,jdbcType=VARCHAR},
      </if>
      <if test="password != null">
        #{password,jdbcType=VARCHAR},
      </if>
      <if test="headImg != null">
        #{headImg,jdbcType=VARCHAR},
      </if>
      <if test="name != null">
        #{name,jdbcType=VARCHAR},
      </if>
      <if test="email != null">
        #{email,jdbcType=VARCHAR},
      </if>
      <if test="status != null">
        #{status,jdbcType=VARCHAR},
      </if>
      <if test="ts != null">
        #{ts,jdbcType=TIMESTAMP},
      </if>
    </trim>
  </insert>
  <select id="countByExample" parameterType="com.dt.cn.model.User.XdUserExample" resultType="java.lang.Long">
    select count(*) from xd_user
    <if test="_parameter != null">
      <include refid="Example_Where_Clause" />
    </if>
  </select>
  <update id="updateByExampleSelective" parameterType="map">
    update xd_user
    <set>
      <if test="record.id != null">
        id = #{record.id,jdbcType=VARCHAR},
      </if>
      <if test="record.phone != null">
        phone = #{record.phone,jdbcType=VARCHAR},
      </if>
      <if test="record.password != null">
        password = #{record.password,jdbcType=VARCHAR},
      </if>
      <if test="record.headImg != null">
        head_img = #{record.headImg,jdbcType=VARCHAR},
      </if>
      <if test="record.name != null">
        name = #{record.name,jdbcType=VARCHAR},
      </if>
      <if test="record.email != null">
        email = #{record.email,jdbcType=VARCHAR},
      </if>
      <if test="record.status != null">
        status = #{record.status,jdbcType=VARCHAR},
      </if>
      <if test="record.ts != null">
        ts = #{record.ts,jdbcType=TIMESTAMP},
      </if>
    </set>
    <if test="_parameter != null">
      <include refid="Update_By_Example_Where_Clause" />
    </if>
  </update>
  <update id="updateByExample" parameterType="map">
    update xd_user
    set id = #{record.id,jdbcType=VARCHAR},
      phone = #{record.phone,jdbcType=VARCHAR},
      password = #{record.password,jdbcType=VARCHAR},
      head_img = #{record.headImg,jdbcType=VARCHAR},
      name = #{record.name,jdbcType=VARCHAR},
      email = #{record.email,jdbcType=VARCHAR},
      status = #{record.status,jdbcType=VARCHAR},
      ts = #{record.ts,jdbcType=TIMESTAMP}
    <if test="_parameter != null">
      <include refid="Update_By_Example_Where_Clause" />
    </if>
  </update>
  <update id="updateByPrimaryKeySelective" parameterType="com.dt.cn.model.User.XdUser">
    update xd_user
    <set>
      <if test="phone != null">
        phone = #{phone,jdbcType=VARCHAR},
      </if>
      <if test="password != null">
        password = #{password,jdbcType=VARCHAR},
      </if>
      <if test="headImg != null">
        head_img = #{headImg,jdbcType=VARCHAR},
      </if>
      <if test="name != null">
        name = #{name,jdbcType=VARCHAR},
      </if>
      <if test="email != null">
        email = #{email,jdbcType=VARCHAR},
      </if>
      <if test="status != null">
        status = #{status,jdbcType=VARCHAR},
      </if>
      <if test="ts != null">
        ts = #{ts,jdbcType=TIMESTAMP},
      </if>
    </set>
    where id = #{id,jdbcType=VARCHAR}
  </update>
  <select id="selectByName" parameterType="com.dt.cn.model.User.XdUserExample" resultMap="BaseResultMap">
    select
    <if test="distinct">
      distinct
    </if>
    <include refid="Base_Column_List" />
    from xd_user
    <if test="_parameter != null">
      <include refid="Example_Where_Clause" />
    </if>
    <if test="name!=null and name!=''">
    where name like concat('%','${name}','%')
    </if>
    <if test="pageStart&gt;=0">
    limit ${pageStart},${pageSize}
    </if>
    <if test="orderByClause != null">
      order by ${orderByClause}
    </if>
  </select>
   <select id="getCount" parameterType="map" resultType="java.lang.Integer">
  select count(*) from xd_user                                	
  <if test="name!=null and name!=''">
  where name like concat('%',#{name},'%')
  </if>
  </select>
  
  <update id="updateByPrimaryKey" parameterType="com.dt.cn.model.User.XdUser">
    update xd_user
    set phone = #{phone,jdbcType=VARCHAR},
      password = #{password,jdbcType=VARCHAR},
      head_img = #{headImg,jdbcType=VARCHAR},
      name = #{name,jdbcType=VARCHAR},
      email = #{email,jdbcType=VARCHAR},
      status = #{status,jdbcType=VARCHAR},
      ts = #{ts,jdbcType=TIMESTAMP}
    where id = #{id,jdbcType=VARCHAR}
  </update>
</mapper>